timestamp,temperature,humidity,latitude,longitude,altitude,CO_refined,CH4_refined,NOx_refined,LPG_refined,anomaly
2025-07-29 12:00:00,25.47,53.51,37.77484912272941,-122.420378484505,26.81,8.419076379035044,4.07342138578462,0.9276108106242205,6.452944769559794,normal
2025-07-29 12:00:05,26.37,45.37,37.77466279495819,-122.41957796804554,22.05,11.764877062841213,4.976317691859564,0.5975499590618767,4.457134940543507,normal
2025-07-29 12:00:10,26.47,48.3,37.77466279495819,-122.41957796804554,22.05,11.38779507975844,4.563019364135647,0.5135865950975187,4.898825984007101,normal
2025-07-29 12:00:15,27.17,59.27,37.77478633270004,-122.4187067486352,29.31,9.341246148275667,4.558690930748909,0.5698363663436137,5.464323727259296,normal
2025-07-29 12:00:20,25.35,53.21,37.77478633270004,-122.4187067486352,29.31,6.733170857115944,4.485420705713466,0.766049378953311,5.916723492705179,normal
2025-07-29 12:00:25,26.74,48.61,37.77540486939691,-122.419210638569,28.17,11.09678183760178,4.788202127434931,1.016875915723295,6.427050690639465,normal
2025-07-29 12:00:30,27.42,58.49,37.77540486939691,-122.419210638569,28.17,10.645612680980015,3.5485375603266722,0.8719263719659822,5.626966702803722,normal
2025-07-29 12:00:35,24.39,47.29,37.7753275906385,-122.42036144639928,25.39,10.735728706667006,4.497265408168198,0.9651211163546799,4.099277318949775,normal
2025-07-29 12:00:40,27.61,53.22,37.7753275906385,-122.42036144639928,25.39,10.90440869699077,4.335848065074026,0.7874298784847082,3.5683531202218424,normal
2025-07-29 12:00:45,25.18,53.58,37.77460606996571,-122.4203898923361,29.97,11.129623069944852,3.282329852751431,0.5453717293802378,4.453869123271942,normal
2025-07-29 12:00:50,27.46,45.47,37.77460606996571,-122.4203898923361,29.97,11.685508860984438,3.9666406225360022,0.8186678434718039,6.237469283594696,normal
2025-07-29 12:00:55,25.04,41.55,37.77581060951392,-122.41989110436576,22.26,8.970751809554214,3.8515727877977337,0.5362949451363933,8.258942155100458,normal
2025-07-29 12:01:00,24.96,48.52,37.77581060951392,-122.41989110436576,22.26,10.02749233690472,5.3572898483165226,0.4680160276410345,6.064292783689149,normal
2025-07-29 12:01:05,25.18,47.41,37.77583678393563,-122.41951296245855,25.83,13.096362950354319,3.5392896088391304,0.6741504016836439,7.445396348006126,normal
2025-07-29 12:01:10,25.08,46.77,37.77583678393563,-122.41951296245855,25.83,10.464373907361459,3.8214269898216866,0.683104824605431,6.088543001917973,normal
2025-07-29 12:01:15,26.58,45.28,37.77537515945685,-122.41927941292344,26.1,9.939620095041082,4.304559883679209,0.6652501638413324,4.793714415915483,normal
2025-07-29 12:01:20,26.36,50.01,37.77537515945685,-122.41927941292344,26.1,10.856503684780787,4.171758049046597,0.8542171243285889,5.959654355780852,normal
2025-07-29 12:01:25,26.87,55.24,37.774170868250536,-122.419393809622,27.25,10.256843665545171,3.885320564180997,0.9260349531208595,5.737390470422716,normal
2025-07-29 12:01:30,26.92,50.79,37.774170868250536,-122.419393809622,27.25,11.775133691253975,4.100447061119639,0.397137729890522,7.903040824821387,normal
2025-07-29 12:01:35,27.48,50.35,37.774796704036426,-122.42027101041464,27.02,10.72837265379142,3.915608821107283,0.8404715903891895,4.627537697672243,normal
2025-07-29 12:01:40,26.51,44.47,37.774796704036426,-122.42027101041464,27.02,11.315428253648724,2.8215347414188794,0.5467333754998521,4.7253384596772925,normal
2025-07-29 12:01:45,26.02,50.82,37.77583757809286,-122.4190836121638,23.29,11.499784844311671,4.149098434721297,0.6283490417967349,6.143857297568075,normal
2025-07-29 12:01:50,26.21,48.99,37.77583757809286,-122.4190836121638,23.29,10.59361577192341,3.9738446440984916,0.792786961416158,4.81618079060316,normal
2025-07-29 12:01:55,26.25,50.76,37.77401367553532,-122.41961176007204,23.01,12.07224521598686,4.014121140299261,0.9462568444874189,6.922615862302696,normal
2025-07-29 12:02:00,27.11,57.39,37.77401367553532,-122.41961176007204,23.01,11.445675822232266,4.999260703963519,0.7185172266830158,6.911933321471828,normal
2025-07-29 12:02:05,26.09,40.47,37.77574419565046,-122.42037956877982,23.25,9.630671339725607,4.902359808474782,0.6961931088958269,5.434173988881316,normal
2025-07-29 12:02:10,26.82,51.26,37.77574419565046,-122.42037956877982,23.25,7.719199384295965,4.19781203630528,1.124058673228665,5.152764537455297,normal
2025-07-29 12:02:15,26.12,52.79,37.77423738872626,-122.42031234659464,26.35,9.386440401145654,3.840819095767934,0.641807890676626,5.866525250716034,normal
2025-07-29 12:02:20,25.46,52.16,37.77423738872626,-122.42031234659464,26.35,8.204416740602822,3.6955022772849926,0.5824432937025259,7.802731710463149,normal
2025-07-29 12:02:25,25.18,52.82,37.775046822589886,-122.41907820288732,24.61,11.81944499743482,4.302560114155726,0.5239651661266927,7.154139768268305,normal
2025-07-29 12:02:30,24.73,43.99,37.775046822589886,-122.41907820288732,24.61,10.809953101923394,3.708236869358617,0.747549077112082,7.819756793475068,normal
2025-07-29 12:02:35,26.3,50.44,37.77558740143534,-122.41965623037588,23.27,11.172223738713145,2.9945141098420804,0.8555754599548802,6.347176086642018,normal
2025-07-29 12:02:40,27.37,58.58,37.77558740143534,-122.41965623037588,23.27,10.417882033403927,3.8851497748721564,0.669503616557604,7.821019520695646,normal
2025-07-29 12:02:45,26.11,46.26,37.77471637703992,-122.4193290722886,23.77,8.487142123757401,3.274876393060503,0.5703988912838114,5.202431267054073,normal
2025-07-29 12:02:50,26.68,55.46,37.77471637703992,-122.4193290722886,23.77,6.079349680330251,3.538725933326564,0.33270072877429235,6.149922562191464,normal
2025-07-29 12:02:55,26.24,45.47,37.774808844703706,-122.41934674173896,23.33,12.11914106376043,3.8141956907789707,0.7549950339074055,2.833682659730392,anomaly
2025-07-29 12:03:00,25.23,46.54,37.774808844703706,-122.41934674173896,23.33,6.999215495699215,4.458539814350771,0.9490461689083681,4.853975718062592,normal
2025-07-29 12:03:05,26.81,45.36,37.7749807929256,-122.42017252205122,30.4,10.243418257760796,4.740513220433192,0.26390485969421895,4.896901285437173,normal
2025-07-29 12:03:10,25.6,51.81,37.7749807929256,-122.42017252205122,30.4,12.239942448813107,4.721550281237488,0.6014713734060494,5.242825471522732,normal
2025-07-29 12:03:15,26.12,52.88,37.77455273899753,-122.42004091932888,19.0,10.472342615375844,3.8619271139077584,0.8426022793980563,5.135861512521487,normal
2025-07-29 12:03:20,27.09,47.92,37.77455273899753,-122.42004091932888,19.0,10.563014495028776,4.179963836487179,0.9835209027028655,6.1175000148118235,normal
2025-07-29 12:03:25,25.88,50.8,37.77490722286651,-122.41933741394668,22.06,9.501098135325657,3.6028323811476493,0.5189675452068637,5.698662852175368,normal
2025-07-29 12:03:30,26.26,50.48,37.77490722286651,-122.41933741394668,22.06,8.797324810750435,4.358855505779062,0.8558483413173501,5.085331423408906,normal
2025-07-29 12:03:35,26.33,47.29,37.774466797535474,-122.42009074282052,25.24,7.479055212577563,3.7641621755001697,0.29561483053666254,5.843319816941364,normal
2025-07-29 12:03:40,25.81,48.2,37.774466797535474,-122.42009074282052,25.24,12.699709997862545,3.9228433378732976,0.5943702027080754,6.5975092500596375,normal
2025-07-29 12:03:45,25.62,51.5,37.77446358067117,-122.41973089150382,29.58,4.606513379593075,5.617943491199381,0.7710902831057974,5.197348791323492,anomaly
2025-07-29 12:03:50,27.18,57.06,37.77446358067117,-122.41973089150382,29.58,10.894510698509558,3.23399204408447,0.6063735082658381,7.407863025980989,normal
2025-07-29 12:03:55,25.91,42.24,37.77460774824912,-122.41970721725788,25.3,8.054976780828994,4.4458024019792886,0.6809762978961711,5.447810383169369,normal
2025-07-29 12:04:00,24.44,50.53,37.77460774824912,-122.41970721725788,25.3,7.944842488083932,3.2040515217430774,1.0546251090376901,7.261847179373809,normal
2025-07-29 12:04:05,27.25,42.76,37.77580514789722,-122.41980796317236,25.53,10.23988875106119,4.006912989545683,0.9291392439526223,5.207051179651154,normal
2025-07-29 12:04:10,26.28,57.34,37.77580514789722,-122.41980796317236,25.53,6.370403470428371,3.7998897893783274,0.6807289194875613,7.467697848109814,normal
2025-07-29 12:04:15,26.59,42.51,37.77486595358612,-122.41994027123609,23.75,9.120912513452565,4.51194076463345,1.1449656133908537,6.326420168905395,normal
2025-07-29 12:04:20,27.02,49.84,37.77486595358612,-122.41994027123609,23.75,8.82657207621225,3.8393609479488258,0.8312018547105705,8.01516074185193,normal
2025-07-29 12:04:25,26.54,44.73,37.77574708302519,-122.41949944510064,29.22,7.698080974994232,4.825954316811106,0.8206076166237506,4.640340689241447,normal
2025-07-29 12:04:30,25.46,48.04,37.77574708302519,-122.41949944510064,29.22,12.289307265972875,3.6500928764148655,0.5951238385459019,5.693351388755795,normal
2025-07-29 12:04:35,26.07,54.67,37.774633609751376,-122.41855239139436,22.88,10.905256912032154,4.509389305900437,0.8272257787110422,4.4286843518798475,normal
2025-07-29 12:04:40,27.42,46.51,37.774633609751376,-122.41855239139436,22.88,9.396725463333782,3.559217553229445,0.5475719312660685,6.297077209559788,normal
2025-07-29 12:04:45,26.79,48.11,37.77482823026961,-122.41956638760728,26.62,7.598523980902016,3.5380935267753872,0.40407196266794115,5.8048386832053005,normal
2025-07-29 12:04:50,24.94,52.6,37.77482823026961,-122.41956638760728,26.62,7.248697487698235,4.617390054750753,0.6250615357959535,5.10130866310891,normal
2025-07-29 12:04:55,25.48,48.75,37.77480323820067,-122.41899102842356,22.34,7.434212684078761,3.7866778511149835,0.7056538777668342,7.394457536035559,normal
2025-07-29 12:05:00,25.98,56.47,37.77480323820067,-122.41899102842356,22.34,9.864065755542873,4.739216777611647,0.446521495106879,6.626784916018,normal
2025-07-29 12:05:05,26.29,41.56,37.77586460259138,-122.41925176723566,27.74,7.442341375946702,4.389818545968563,0.9787454153263241,4.137864280637033,normal
2025-07-29 12:05:10,27.18,50.78,37.77586460259138,-122.41925176723566,27.74,7.6447558768376656,3.38114364980758,0.7039917863235723,5.00726552244231,normal
2025-07-29 12:05:15,26.23,53.63,37.77484457857254,-122.4197584694512,24.87,11.033035509317848,4.159996995316566,0.6028981152632703,6.963473231290773,normal
2025-07-29 12:05:20,26.78,48.49,37.77484457857254,-122.4197584694512,24.87,11.692498340827086,3.8284298364902187,0.44401892433520584,5.8018472779800225,normal
2025-07-29 12:05:25,26.74,51.96,37.77529591073721,-122.42001615925604,22.04,10.151890997522855,3.8094522210743915,0.07977910410626998,6.003377583996816,anomaly
2025-07-29 12:05:30,25.75,36.94,37.77529591073721,-122.42001615925604,22.04,8.848820042682856,3.44174040663396,0.40265486651427945,5.86725662635093,normal
2025-07-29 12:05:35,27.04,52.4,37.775456212510825,-122.41924486926922,24.27,9.980790617410712,4.0481528378309175,0.8574905025947265,6.849953200960199,normal
2025-07-29 12:05:40,27.25,51.57,37.775456212510825,-122.41924486926922,24.27,13.005632300694987,4.699514192688105,0.8147149340389526,6.984690227187606,normal
2025-07-29 12:05:45,27.37,53.31,37.77574297708924,-122.42008396987303,25.35,10.061865203518675,4.38210200827847,0.8384887669598895,4.771400364366991,normal
2025-07-29 12:05:50,25.76,48.55,37.77574297708924,-122.42008396987303,25.35,11.734172528024711,4.086626442558057,0.7836007013642875,5.485204909550013,normal
2025-07-29 12:05:55,26.11,55.99,37.77561468772823,-122.41847037725184,25.55,10.298939983931316,4.6076870134599295,0.35443746257384073,3.7975442418625796,normal
2025-07-29 12:06:00,24.62,41.46,37.77561468772823,-122.41847037725184,25.55,8.000614869232411,4.034498096450532,0.7131195182588108,4.982067867287582,normal
2025-07-29 12:06:05,26.6,49.72,37.77533675416458,-122.4199844873335,30.25,8.92107772328387,3.4197464605921506,0.47579081190847305,6.006859000344472,normal
2025-07-29 12:06:10,27.55,48.01,37.77533675416458,-122.4199844873335,30.25,9.0302660581154,4.220667831510459,0.6183769148492069,4.36790043028408,normal
2025-07-29 12:06:15,25.58,53.43,37.77436080317134,-122.41872242432991,24.97,11.082228372449263,3.6672101159741204,0.8462792575324892,4.745208694021458,normal
2025-07-29 12:06:20,24.55,51.29,37.77436080317134,-122.41872242432991,24.97,9.950812324729025,4.195640788080893,1.0061488700433796,5.906093867154638,normal
2025-07-29 12:06:25,25.68,40.79,37.7757967149046,-122.41873855935177,30.43,11.036500595580197,4.315679055389444,0.6788708626455305,5.34368350453839,normal
2025-07-29 12:06:30,25.87,45.7,37.7757967149046,-122.41873855935177,30.43,8.945193453398243,4.128550824645343,0.6192826236968014,6.26163541737877,normal
2025-07-29 12:06:35,24.71,54.19,37.774261086061145,-122.4196821203406,27.28,12.961483759829052,4.006092398382219,0.9229225525386885,7.880338717830339,normal
2025-07-29 12:06:40,24.99,52.71,37.774261086061145,-122.4196821203406,27.28,9.215378046368116,4.174142791243325,0.48395858449197976,5.50502889859627,normal
2025-07-29 12:06:45,24.48,56.83,37.77554162242509,-122.4189187145686,25.4,13.654556271477611,3.592765555688637,0.7676849477967174,8.280761636900591,anomaly
2025-07-29 12:06:50,26.21,47.2,37.77554162242509,-122.4189187145686,25.4,7.91522277921865,4.268108920799098,0.7885651585772006,5.786096851060209,normal
2025-07-29 12:06:55,26.69,50.58,37.77390021287675,-122.4184986534629,30.01,10.509634873162618,3.824394542691501,0.7946793854943379,5.155482513394517,normal
2025-07-29 12:07:00,26.45,44.13,37.77390021287675,-122.4184986534629,30.01,12.731860440984965,3.9024859589225946,0.6731788279141475,6.087878095919248,normal
2025-07-29 12:07:05,26.51,43.64,37.77554694641924,-122.41856549857798,30.65,9.768458757723927,2.697769766589759,0.6330506672503045,5.249450917660216,normal
2025-07-29 12:07:10,27.58,56.2,37.77554694641924,-122.41856549857798,30.65,8.148401013113837,3.4102567203031984,0.32191213878968244,5.713940463516863,normal
2025-07-29 12:07:15,26.69,51.57,37.77462468562113,-122.42023333264612,28.34,10.899669039171423,3.8457698803657854,0.4483410482291719,6.904452142729247,normal
2025-07-29 12:07:20,25.61,52.37,37.77462468562113,-122.42023333264612,28.34,9.970697250391813,4.889959275871917,0.7329918421738192,6.365983944358923,normal
2025-07-29 12:07:25,26.23,49.17,37.77560783450927,-122.418489924177,29.32,9.180539552077615,3.588936628349997,1.0806466643374302,5.760144146605934,normal
2025-07-29 12:07:30,26.33,47.86,37.77560783450927,-122.418489924177,29.32,10.798403845484145,4.135768931679943,0.25663482630949525,4.500980030658839,normal
2025-07-29 12:07:35,28.28,49.05,37.77428135032092,-122.41962384971308,27.37,7.39725705391739,3.7574926414461016,0.46110223015134927,3.9242742991604196,normal
2025-07-29 12:07:40,26.36,45.22,37.77428135032092,-122.41962384971308,27.37,9.253479126019414,4.063697182325987,0.793155353658807,6.531291615931163,normal
2025-07-29 12:07:45,26.82,48.96,37.775431519979605,-122.41986975990037,25.08,9.20722628325005,3.7145033074055993,1.0372948065893297,6.263284832167952,normal
2025-07-29 12:07:50,26.55,44.29,37.775431519979605,-122.41986975990037,25.08,11.073032912958645,3.8926344777713657,0.565846615816389,4.868232091247898,normal
2025-07-29 12:07:55,26.77,52.81,37.77406200272353,-122.41973944126713,28.66,10.256457475998305,3.478798442151472,0.6797652128341958,5.418128608178442,normal
2025-07-29 12:08:00,25.58,49.71,37.77406200272353,-122.41973944126713,28.66,11.267493123040989,4.5030122825946295,0.9464295726692252,7.362225833711132,normal
2025-07-29 12:08:05,25.82,51.81,37.773972858879965,-122.41923936407584,24.4,9.342633697872186,4.5962152918792425,0.8711780618594642,7.440060919098643,normal
2025-07-29 12:08:10,27.12,49.15,37.773972858879965,-122.41923936407584,24.4,10.787848200624918,3.651879079808985,0.7698555897975697,5.704827319269171,normal
2025-07-29 12:08:15,25.24,56.72,37.77579126753318,-122.4190222915814,27.6,9.510550109300583,4.2099219669251235,0.6727720334553466,4.821532906429985,normal
2025-07-29 12:08:20,27.38,51.47,37.77579126753318,-122.4190222915814,27.6,9.290898745471681,3.454308507931779,0.9628388657166165,6.114523105994183,normal
2025-07-29 12:08:25,26.09,55.83,37.77461409106893,-122.42001140104176,27.85,8.412083327248872,4.190857397690774,0.8503188922850845,5.577687019631924,normal
2025-07-29 12:08:30,25.71,39.94,37.77461409106893,-122.42001140104176,27.85,11.230008636785875,4.3043530089317095,0.3675627288525954,5.9100217718141,normal
2025-07-29 12:08:35,26.37,44.74,37.7745145967698,-122.419506797291,24.23,7.93947155735794,3.8817367096934765,0.6062158085667394,6.10126878299428,normal
2025-07-29 12:08:40,27.21,51.02,37.7745145967698,-122.419506797291,24.23,7.956695046309587,3.6013470097386286,0.5952639685518394,5.774060494952843,normal
2025-07-29 12:08:45,26.37,51.25,37.7747806822257,-122.41840628937528,24.86,13.977030241216552,4.735441772166806,0.3588966395747474,6.759220045324409,anomaly
2025-07-29 12:08:50,25.97,51.61,37.7747806822257,-122.41840628937528,24.86,9.010030863860724,4.240014524169752,0.7400025348786832,7.290024971980541,normal
2025-07-29 12:08:55,26.51,58.8,37.77556049495484,-122.41872112144924,27.44,12.967012775810504,4.189813090297262,1.1009727828518352,7.074769549066422,normal
2025-07-29 12:09:00,26.56,46.97,37.77556049495484,-122.41872112144924,27.44,9.675888208335465,3.4514601230952726,0.44249488757631705,7.964907976373706,normal
2025-07-29 12:09:05,26.04,45.81,37.77529422869348,-122.41994441386494,25.1,9.127212836751072,4.558694032564583,0.7859817297525143,6.474524498836336,normal
2025-07-29 12:09:10,25.33,41.44,37.77529422869348,-122.41994441386494,25.1,11.962556454652258,4.195168292884559,0.7884190991267966,5.285328034887043,normal
2025-07-29 12:09:15,25.1,46.07,37.77580574667625,-122.41851508906312,29.31,7.566957485291394,3.803235811797894,0.6223476782942008,7.28047998258454,normal
2025-07-29 12:09:20,24.97,49.54,37.77580574667625,-122.41851508906312,29.31,9.757999680299164,4.294718385392672,0.8090050912018756,5.583133901010474,normal
2025-07-29 12:09:25,24.6,53.63,37.77500370255905,-122.4200922058188,29.38,10.414009768786897,3.8495366849601376,0.7091251788084464,5.5716978334949365,normal
2025-07-29 12:09:30,26.34,50.25,37.77500370255905,-122.4200922058188,29.38,10.507532979127415,3.8570698163684356,0.6759813080233341,5.765722921375497,normal
2025-07-29 12:09:35,25.16,52.95,37.77546361780101,-122.41887165708368,25.74,11.411946969690556,5.393455502459759,0.6451984152475226,4.496226456256173,normal
2025-07-29 12:09:40,26.57,51.06,37.77546361780101,-122.41887165708368,25.74,10.322053678746236,4.389610098676076,0.47778069101236204,6.669022145380887,normal
2025-07-29 12:09:45,27.48,44.63,37.774215768399664,-122.41955809657412,22.06,11.655376880431747,4.014737824535707,0.6707431232275151,6.221385490805938,normal
2025-07-29 12:09:50,27.96,38.2,37.774215768399664,-122.41955809657412,22.06,6.519314797744396,3.645105938008911,0.4853796418758602,7.2045566450985525,normal
2025-07-29 12:09:55,27.1,58.58,37.77483788601448,-122.4186439164815,26.01,9.842662350576273,3.9512855050301035,0.9141791656881988,6.287521150677723,normal
2025-07-29 12:10:00,26.92,42.92,37.77483788601448,-122.4186439164815,26.01,9.9219829149002,3.7049828675384906,0.5722355737821229,4.703970394649654,normal
2025-07-29 12:10:05,26.52,49.29,37.77576750141552,-122.41999045963576,30.28,9.992610142936236,3.9514880545406923,0.6140156876729898,6.981952577571899,normal
2025-07-29 12:10:10,25.85,57.81,37.77576750141552,-122.41999045963576,30.28,7.769798431010036,4.017454831782092,0.5710088085781655,7.504687198455889,normal
2025-07-29 12:10:15,26.89,45.34,37.773950330699,-122.4184546002948,26.19,9.730723610186468,3.644136452409189,0.605727774931286,4.943520227665012,normal
2025-07-29 12:10:20,26.76,46.65,37.773950330699,-122.4184546002948,26.19,10.471682666128485,4.004167317507425,0.3925654232850416,4.377104469628214,normal
2025-07-29 12:10:25,27.03,50.07,37.77588243339518,-122.41873027799528,25.21,12.733456582928397,3.23782294138226,0.5940959525472036,6.148893108863557,normal
2025-07-29 12:10:30,25.98,40.65,37.77588243339518,-122.41873027799528,25.21,11.228478340475817,3.9880457554103765,0.5420644716091775,4.89793968989721,normal
2025-07-29 12:10:35,25.25,48.17,37.77530579520675,-122.4203343087862,25.26,10.926281878529322,4.161920097367078,0.5264481268745945,5.026089664123488,normal
2025-07-29 12:10:40,24.94,52.53,37.77530579520675,-122.4203343087862,25.26,8.859884313275158,3.4270314749869786,0.4031801735278799,6.602075341519032,normal
2025-07-29 12:10:45,24.44,46.26,37.774216936200816,-122.41871269856532,24.67,6.019504877695046,4.1848946596166545,0.4363397275429687,7.685529291950017,normal
2025-07-29 12:10:50,23.87,51.22,37.774216936200816,-122.41871269856532,24.67,11.224265808080585,3.9668493368486244,1.0901265353171792,5.561664082960793,normal
2025-07-29 12:10:55,26.32,47.94,37.77531608263588,-122.41840992968498,20.26,7.45442835440696,4.1863279765146375,0.6615188076096242,6.585567830979394,normal
2025-07-29 12:11:00,25.82,43.84,37.77531608263588,-122.41840992968498,20.26,9.103747606301086,3.842935348309696,0.4987015337501132,4.410086112182373,normal
2025-07-29 12:11:05,26.81,44.76,37.7754390528197,-122.41984537011832,27.34,10.371619457230695,4.6150291658232545,0.7610407503894584,5.044334204504486,normal
2025-07-29 12:11:10,25.83,54.97,37.7754390528197,-122.41984537011832,27.34,8.218944401270921,3.801135418053955,0.3538290947656607,5.3883116431456335,normal
2025-07-29 12:11:15,27.14,48.98,37.77416823203982,-122.4203913497172,21.4,7.555785006793825,3.975171485297535,0.8680275203627371,5.405444104077045,normal
2025-07-29 12:11:20,25.56,48.45,37.77416823203982,-122.4203913497172,21.4,10.39244100493138,3.3847396205172875,0.6451849716528554,5.816590667516512,normal
2025-07-29 12:11:25,27.52,44.97,37.7758325482864,-122.42010553570093,23.89,7.6176197408636765,3.949876902670054,0.7685721066771781,5.905357832317052,normal
2025-07-29 12:11:30,23.82,55.53,37.7758325482864,-122.42010553570093,23.89,13.328452289758085,4.122307193225256,0.5523687057919698,5.912390961995529,normal
2025-07-29 12:11:35,26.13,50.13,37.77459203319955,-122.42002071145646,27.37,10.266023338422325,3.223053838807009,0.6863910953014926,4.904214637443998,normal
2025-07-29 12:11:40,24.06,55.27,37.77459203319955,-122.42002071145646,27.37,9.708397837733791,4.695965305318133,0.44917929007390833,6.002668694624048,normal
2025-07-29 12:11:45,26.63,43.95,37.77493375344677,-122.41967503942163,22.14,8.953206293814675,4.228173592508781,0.8475831855950782,4.812713720505387,normal
2025-07-29 12:11:50,26.14,59.23,37.77493375344677,-122.41967503942163,22.14,6.20748228090801,3.640632112031716,1.0328759643685486,6.913110414981572,normal
2025-07-29 12:11:55,25.64,57.9,37.77415423416098,-122.41968993915404,28.23,13.47730691062389,3.4612174565920446,0.5309242116306381,4.5843263658107025,normal
2025-07-29 12:12:00,25.93,45.29,37.77415423416098,-122.41968993915404,28.23,7.959988410590584,3.7100809114713202,0.5790867031132484,6.841075119829392,normal
2025-07-29 12:12:05,26.64,50.43,37.775714109818445,-122.4184531678161,20.59,8.898604770477265,4.131495072007302,0.8044497616168063,6.693816534934906,normal
2025-07-29 12:12:10,24.99,57.06,37.775714109818445,-122.4184531678161,20.59,10.983160874191723,3.565695948923639,0.7049656747155617,6.017750469673419,normal
2025-07-29 12:12:15,25.88,54.39,37.77483241965866,-122.42003598888296,24.49,9.483721802922668,4.1163388250983495,0.8474815228143661,5.478362701050009,normal
2025-07-29 12:12:20,25.83,55.62,37.77483241965866,-122.42003598888296,24.49,6.817122615697817,4.315147450649732,0.8812625075270579,5.956119016389771,normal
2025-07-29 12:12:25,26.14,50.32,37.773987288676025,-122.41908884547628,29.49,11.933500507708239,4.060774151080035,0.5075967688850044,6.429559072543388,normal
2025-07-29 12:12:30,27.18,48.49,37.773987288676025,-122.41908884547628,29.49,8.57722982590911,5.061648829526156,0.4825307249937386,7.553082981024439,normal
2025-07-29 12:12:35,26.91,43.38,37.77555830291591,-122.41986747606016,23.67,8.624711447676534,3.379954486251614,0.7770010313222102,5.516707322387692,normal
2025-07-29 12:12:40,26.88,44.34,37.77555830291591,-122.41986747606016,23.67,5.18245953474224,3.4484787129675807,0.5552635215795256,5.201942465323977,normal
2025-07-29 12:12:45,24.35,50.3,37.775679048152845,-122.41894401133813,19.82,10.101893309195232,4.970613507009582,0.45187395518268925,4.649280916657447,normal
2025-07-29 12:12:50,27.12,51.49,37.775679048152845,-122.41894401133813,19.82,8.915768784308726,4.383337830412652,0.9044982824661026,4.979710324346345,normal
2025-07-29 12:12:55,26.03,59.81,37.7740904538196,-122.4200408569862,20.23,10.516945430631452,4.868956217884931,0.953290375291155,5.4224796616023765,normal
2025-07-29 12:13:00,26.65,49.26,37.7740904538196,-122.4200408569862,20.23,9.777451013869467,3.9386897808907366,0.564083712338623,4.314745589116486,normal
2025-07-29 12:13:05,25.55,58.01,37.77470731779028,-122.41887225369469,25.88,10.984475520683745,4.312045274166084,0.33719785319308243,5.548437402540719,normal
2025-07-29 12:13:10,27.4,53.29,37.77470731779028,-122.41887225369469,25.88,10.967937335972453,4.361227129954469,1.1177515756405048,6.077774192545244,normal
2025-07-29 12:13:15,26.33,41.98,37.77539033602743,-122.4199908064424,27.57,10.738502440403254,4.239137819743651,0.7760435367951765,5.985235777532798,normal
2025-07-29 12:13:20,25.08,56.0,37.77539033602743,-122.4199908064424,27.57,10.301378430297941,4.72316165183621,0.5802159787816035,5.751263649326421,normal
2025-07-29 12:13:25,26.21,52.65,37.77418824478022,-122.41879900443764,22.64,13.37605786488644,4.919583828958234,0.9418347859920039,6.041769956948706,normal
2025-07-29 12:13:30,25.72,52.85,37.77418824478022,-122.41879900443764,22.64,10.351558837225276,4.190873820507709,0.5125529132995039,7.135540557698976,normal
2025-07-29 12:13:35,27.09,51.94,37.77566636758909,-122.41880025702277,26.79,13.329096943498609,3.9818064058248273,0.9854970854416447,7.197115078528376,normal
2025-07-29 12:13:40,25.57,59.5,37.77566636758909,-122.41880025702277,26.79,8.057324838312711,4.4751511203876975,0.6876952409770086,8.313927540169805,normal
2025-07-29 12:13:45,24.54,52.02,37.77460530690601,-122.41893347743752,28.53,13.442189345694908,3.0151647519600733,0.8672380223028973,5.294185601267687,anomaly
2025-07-29 12:13:50,26.89,48.48,37.77460530690601,-122.41893347743752,28.53,12.149265257602506,4.082626474551491,0.493070830259842,5.019461052045191,normal
2025-07-29 12:13:55,25.08,51.7,37.77564987943284,-122.42024722587922,25.2,11.805509980147052,3.898330104082601,0.4621731566695867,6.641227316491236,normal
2025-07-29 12:14:00,27.28,39.29,37.77564987943284,-122.42024722587922,25.2,12.098903136049294,3.716844352167162,0.5651902494274809,5.479471570720662,normal
2025-07-29 12:14:05,25.78,50.75,37.77585236161136,-122.41999061247532,23.85,6.249742765928988,4.542544662136884,0.8985253177853179,4.951872862461307,normal
2025-07-29 12:14:10,27.22,55.02,37.77585236161136,-122.41999061247532,23.85,10.774468018072277,4.127032950072419,0.8736055149788332,5.6332493552083385,normal
2025-07-29 12:14:15,26.58,46.66,37.77465544808732,-122.41872253339012,25.72,7.396862699566203,4.204325677841082,0.3634580609348599,5.834975356629913,normal
2025-07-29 12:14:20,26.85,49.08,37.77465544808732,-122.41872253339012,25.72,8.10248233083279,3.488019832663384,0.9683454492946506,6.5017480166926545,normal
2025-07-29 12:14:25,25.56,42.21,37.77474340450098,-122.4192298328988,27.13,12.102486003026698,3.556688720696252,0.594405512225949,5.3399052573741,normal
2025-07-29 12:14:30,24.8,51.82,37.77474340450098,-122.4192298328988,27.13,10.366913658887839,3.673712121838894,0.6542227066288442,8.655869656935476,normal
2025-07-29 12:14:35,24.91,51.73,37.775722903129015,-122.4187349417902,23.82,10.247773508915252,4.646193681176493,1.0157263242398826,7.65314586877773,normal
2025-07-29 12:14:40,25.49,40.36,37.775722903129015,-122.4187349417902,23.82,7.222905677148987,4.634293843862034,0.3490263146004879,4.818502176567847,normal
2025-07-29 12:14:45,26.62,50.68,37.774900701564,-122.41977227268372,19.29,9.761009572910348,3.3398159027473286,0.7057349080210128,6.719391518622602,normal
2025-07-29 12:14:50,25.72,55.56,37.774900701564,-122.41977227268372,19.29,10.143283228500087,5.188172840151893,0.7701194059600465,5.208439140308736,normal
2025-07-29 12:14:55,25.23,43.69,37.77570348178273,-122.41922027766353,24.9,9.851958206999267,4.470142231235488,0.8430531401014297,6.450336816124893,normal
2025-07-29 12:15:00,24.5,55.42,37.77570348178273,-122.41922027766353,24.9,14.84794385785555,3.7298198023164937,0.7846888655146721,6.1246494568093235,normal
2025-07-29 12:15:05,26.13,53.28,37.77546726581221,-122.42007987528432,27.33,13.17593971695856,3.866415237064822,0.4418760270931225,5.824729448045705,normal
2025-07-29 12:15:10,26.28,47.19,37.77546726581221,-122.42007987528432,27.33,13.420253589742446,3.842803891335943,0.6306139719115393,5.645965717270501,normal
2025-07-29 12:15:15,27.63,45.52,37.77450496942124,-122.41962727219996,18.95,7.3239614572009275,2.921793134521647,0.6330551791463569,6.437684206396029,normal
2025-07-29 12:15:20,25.91,44.56,37.77450496942124,-122.41962727219996,18.95,10.088699690965303,3.780813670594764,0.9305111365453433,5.083529261758245,normal
2025-07-29 12:15:25,25.37,48.1,37.77513148212101,-122.41951245652292,21.74,9.190514700037207,3.6325360477468878,0.7145972552944696,4.992255825182198,normal
2025-07-29 12:15:30,26.89,50.16,37.77513148212101,-122.41951245652292,21.74,10.327409977632298,4.400547053808772,0.6937799409157973,7.096377681367299,normal
2025-07-29 12:15:35,26.43,58.64,37.77569231965269,-122.41862538111748,24.46,5.779553329045551,4.332116692847194,0.5504336503852906,7.9507082833430855,anomaly
2025-07-29 12:15:40,25.83,53.76,37.77569231965269,-122.41862538111748,24.46,9.739901441544493,3.50515584452687,0.31224089419635914,3.52530041834599,anomaly
2025-07-29 12:15:45,26.65,47.5,37.77585937137527,-122.41927060011724,16.13,7.865629647221833,3.986958707290165,0.6398822616638538,7.156836988148025,normal
2025-07-29 12:15:50,26.57,46.45,37.77585937137527,-122.41927060011724,16.13,11.270552531793777,4.251001085598175,0.1276282081126473,5.262209196029151,anomaly
2025-07-29 12:15:55,25.16,45.84,37.77459277727496,-122.41980344629856,26.28,7.302943991204002,3.740291584684212,0.947408950210249,6.148289333135262,normal
2025-07-29 12:16:00,25.85,56.02,37.77459277727496,-122.41980344629856,26.28,12.706451377194512,3.853512787975989,0.8619699657314712,6.632098324569203,normal
2025-07-29 12:16:05,26.17,52.01,37.77417973102455,-122.42007107749006,24.41,12.462682910294857,4.701012012711543,0.5701227334565062,5.661218721690922,normal
2025-07-29 12:16:10,27.11,53.88,37.77417973102455,-122.42007107749006,24.41,9.471487038423174,3.424152819387659,0.3203885678959213,6.668087069333862,normal
2025-07-29 12:16:15,27.12,53.37,37.77398642517652,-122.41941836176262,24.13,10.8358516675627,4.4183085212755655,0.6097665606285283,3.788549614396922,normal
2025-07-29 12:16:20,25.89,51.83,37.77398642517652,-122.41941836176262,24.13,5.585945851135296,4.1544220935862874,0.7407885178924946,4.524816352532533,normal
2025-07-29 12:16:25,26.53,47.18,37.77452044079914,-122.41842012078374,25.13,12.340397537482922,3.7788777148273063,0.6101312977064922,5.520704161505519,normal
2025-07-29 12:16:30,26.19,50.21,37.77452044079914,-122.41842012078374,25.13,9.400027091872792,3.998741683526838,0.5371444052498738,5.132713205721017,normal
2025-07-29 12:16:35,27.13,54.5,37.77558469016144,-122.41924857972684,25.15,11.043060438263561,4.603782689521321,0.9729126816635472,6.449307776388256,normal
2025-07-29 12:16:40,26.04,43.15,37.77558469016144,-122.41924857972684,25.15,9.319038915429195,4.464560484588463,0.4873974328153344,5.780533553189866,normal
2025-07-29 12:16:45,26.8,47.18,37.77571015193965,-122.42009084650856,29.18,5.7590092082626185,4.363481379639254,0.6781085927817758,6.8203965708775725,normal
2025-07-29 12:16:50,24.78,49.27,37.77571015193965,-122.42009084650856,29.18,10.62844060365543,4.125513129050463,0.8690548237951339,5.753742281678128,normal
2025-07-29 12:16:55,24.93,48.04,37.77577208119142,-122.41982192364198,28.52,12.013589573625195,3.8188894008874787,0.2685156609999009,5.052072436590728,normal
2025-07-29 12:17:00,26.88,47.4,37.77577208119142,-122.41982192364198,28.52,9.545124018390652,3.9714007244385408,0.8453971839151349,6.350309079176478,normal
2025-07-29 12:17:05,26.66,49.44,37.77520837379006,-122.41982109709656,28.82,10.514914532992487,4.32675861668335,0.7524797594231912,6.920833576800141,normal
2025-07-29 12:17:10,26.78,48.31,37.77520837379006,-122.41982109709656,28.82,6.242510448239145,3.619275409958556,0.5325364363426759,6.942697244171181,normal
2025-07-29 12:17:15,27.01,61.67,37.774425741802666,-122.41894180427605,20.43,6.1352956872079005,3.837124727451095,0.861814109908802,4.893872981267839,normal
2025-07-29 12:17:20,26.74,58.87,37.774425741802666,-122.41894180427605,20.43,6.436772758047529,4.399819353602108,0.6721946234669888,5.581252328180453,normal
2025-07-29 12:17:25,26.13,46.6,37.77466507510297,-122.41854154904092,29.09,11.123058500899342,4.242511693705854,0.974498045654013,6.1816643704113154,normal
2025-07-29 12:17:30,27.42,45.27,37.77466507510297,-122.41854154904092,29.09,8.329585028189154,4.393734324810886,0.5650478732572758,4.94903999335683,normal
2025-07-29 12:17:35,25.88,37.56,37.77397642861013,-122.41974216002568,20.98,9.492417606544624,4.3574899831863085,1.0557795113447004,5.144525618915995,normal
2025-07-29 12:17:40,25.94,50.96,37.77397642861013,-122.41974216002568,20.98,9.103554756061147,4.202408500330859,0.6687918515965975,6.218766023054929,normal
2025-07-29 12:17:45,23.83,47.56,37.77553779525404,-122.41985319995052,23.39,11.59345407739673,3.155496544752254,0.7988598847474061,4.543515594500872,normal
2025-07-29 12:17:50,26.13,48.14,37.77553779525404,-122.41985319995052,23.39,8.988772693614004,3.698350921244926,0.8899774944172282,5.062983079351342,normal
2025-07-29 12:17:55,24.45,47.58,37.77572058964488,-122.41850414624436,25.47,6.092643816023521,4.161315547545476,0.7167816254145317,5.256398586373233,normal
2025-07-29 12:18:00,27.48,40.82,37.77572058964488,-122.41850414624436,25.47,10.199162477460812,4.748714669053386,0.7594098357393065,2.557000206413361,anomaly
2025-07-29 12:18:05,25.11,46.61,37.775427751221024,-122.41925988547538,26.11,10.883270465041408,3.7794630160416527,0.9003432839261529,4.90736559150958,normal
2025-07-29 12:18:10,26.19,40.22,37.775427751221024,-122.41925988547538,26.11,7.9770957069721025,3.2062902841582783,0.8208875727513665,6.045595535792416,normal
2025-07-29 12:18:15,24.09,51.72,37.77501496678192,-122.41869022135724,22.97,13.339210556518347,3.837168820194528,0.9491943923639096,7.270425133000159,normal
2025-07-29 12:18:20,24.43,38.57,37.77501496678192,-122.41869022135724,22.97,10.636624020822707,3.1609292896884247,0.4169323909711726,6.6030455407295,normal
2025-07-29 12:18:25,26.47,56.66,37.77435636104538,-122.4190880856541,23.03,10.52446960099488,3.828921568023161,0.6786712832210365,5.753511774172369,normal
2025-07-29 12:18:30,25.98,47.25,37.77435636104538,-122.4190880856541,23.03,12.23856808556003,4.2834988299460095,0.8290642896669697,5.329699005001948,normal
2025-07-29 12:18:35,25.74,53.56,37.77528311021125,-122.4197850556304,25.45,8.711148043066675,3.3736816120547237,0.8660794586170335,5.800718234458271,normal
2025-07-29 12:18:40,27.82,45.05,37.77528311021125,-122.4197850556304,25.45,12.89401835460112,3.7797838281385348,0.5927167442582277,3.089900404493712,anomaly
2025-07-29 12:18:45,25.24,48.79,37.7741753596982,-122.41996554493244,25.31,6.697621314213902,4.030515055359034,0.6667765647137168,5.2147898494028,normal
2025-07-29 12:18:50,24.84,44.21,37.7741753596982,-122.41996554493244,25.31,11.912770925627138,3.85615706263075,0.8853421827468559,4.70215070392219,normal
2025-07-29 12:18:55,27.34,57.92,37.77517246314353,-122.4196675347871,25.05,11.917032248546306,4.171467533051043,1.0529918044594868,5.264959022297433,normal
2025-07-29 12:19:00,26.81,50.12,37.77517246314353,-122.4196675347871,25.05,7.722913046873376,3.440116594691992,0.4262968690828693,6.7017833372097595,normal
2025-07-29 12:19:05,26.95,46.56,37.77543324523572,-122.41949059455996,23.23,12.674350492469586,4.107156114729124,0.8233916793251702,5.949985111314028,normal
2025-07-29 12:19:10,26.74,48.11,37.77543324523572,-122.41949059455996,23.23,9.631125630887894,3.9727160995371764,0.8379177877435732,6.456895893788711,normal
2025-07-29 12:19:15,28.48,49.96,37.77572648638087,-122.41975378371758,23.12,9.257784289003071,3.744390460838822,0.7469125328707361,7.07601346930171,normal
2025-07-29 12:19:20,27.15,49.55,37.77572648638087,-122.41975378371758,23.12,8.447660708748113,3.5865506868720054,0.7805440888784806,5.147638864628966,normal
2025-07-29 12:19:25,28.91,57.41,37.77452657514232,-122.4189196002126,26.64,11.676367172327648,2.798716873779565,0.6720932994381034,4.754809312442702,normal
2025-07-29 12:19:30,25.14,55.81,37.77452657514232,-122.4189196002126,26.64,6.559825924147082,4.2308334642561025,0.5491947285332441,6.763231379159395,normal
2025-07-29 12:19:35,25.86,49.88,37.77474589893345,-122.41865530390096,23.44,8.311256678054928,3.842089913448146,0.81619526658743,6.061742894533474,normal
2025-07-29 12:19:40,24.18,46.42,37.77474589893345,-122.41865530390096,23.44,10.610016690649047,3.8247719343631865,0.7252164966454873,7.748888594294248,normal
2025-07-29 12:19:45,26.62,46.66,37.775378003412186,-122.41977866606454,21.46,6.80612069464521,3.692786985839248,0.8348055686072768,7.768602409039483,normal
2025-07-29 12:19:50,24.98,57.7,37.775378003412186,-122.41977866606454,21.46,6.377953794970039,4.002857036650538,0.9111362564242913,4.258794187331519,normal
2025-07-29 12:19:55,26.28,57.32,37.774730058142914,-122.41849912909434,24.67,9.123239828347524,3.596466480217175,0.8026012766586351,7.446920706212399,normal
2025-07-29 12:20:00,25.56,53.08,37.774730058142914,-122.41849912909434,24.67,10.427422378388597,4.0662921243909205,0.6743603275598804,5.65657468789034,normal
2025-07-29 12:20:05,26.74,53.66,37.77583824581267,-122.41847599956344,20.83,11.928336072476908,4.099739036674836,0.6715953923159267,6.946501595148316,normal
2025-07-29 12:20:10,26.08,45.64,37.77583824581267,-122.41847599956344,20.83,11.604725016753022,3.5147982707255343,0.5007114854944197,5.988902081403843,normal
2025-07-29 12:20:15,26.2,40.0,37.77498415897105,-122.41938940426036,25.27,8.984925399061938,4.111254801289351,0.8782257908857534,7.209172151556678,normal
2025-07-29 12:20:20,24.54,50.18,37.77498415897105,-122.41938940426036,25.27,6.097308784089304,3.9311596107944196,0.8724767503548839,4.462668435723257,normal
2025-07-29 12:20:25,26.27,40.89,37.77467836698778,-122.41850772273337,23.82,6.635369225998364,4.333302351672401,0.5416627939590501,6.470935877832224,normal
2025-07-29 12:20:30,25.93,52.69,37.77467836698778,-122.41850772273337,23.82,9.43261350171382,4.284814856629575,0.9532960453859711,6.060955909611859,normal
2025-07-29 12:20:35,25.94,59.16,37.77459842366402,-122.42034770380909,22.31,8.371790658187766,3.991440533854803,0.4400819050147603,5.700595839377244,normal
2025-07-29 12:20:40,26.56,38.75,37.77459842366402,-122.42034770380909,22.31,8.84995463438385,3.580296180721449,0.7198986958555192,3.561098882165302,normal
2025-07-29 12:20:45,25.91,48.74,37.77424563023155,-122.41914374651294,23.66,6.783377795647549,3.292516707828927,0.604950358968568,4.075977008788221,normal
2025-07-29 12:20:50,24.58,40.53,37.77424563023155,-122.41914374651294,23.66,7.142506775824803,4.11205710695507,1.0036537488539627,6.53836568428164,normal
2025-07-29 12:20:55,26.19,43.89,37.7747239652072,-122.4190245920306,22.58,9.508106194263368,3.9340521522465477,0.6735722047270764,6.628340971154853,normal
2025-07-29 12:21:00,26.35,43.97,37.7747239652072,-122.4190245920306,22.58,6.780738477202681,4.546509540109999,0.5756310361941844,6.761225560721522,normal
2025-07-29 12:21:05,26.62,55.84,37.77577043469884,-122.4185872625985,29.23,9.803742523278245,4.422285504836118,0.5048271124242144,6.23966310956329,normal
2025-07-29 12:21:10,25.71,52.85,37.77577043469884,-122.4185872625985,29.23,5.789121320909441,3.6684536148124063,0.8643479749968958,5.6283123953286225,normal
2025-07-29 12:21:15,25.91,45.76,37.77450756293055,-122.4197131555609,27.83,6.625199366895161,4.16778120410022,0.747055121489662,5.465297994055948,normal
2025-07-29 12:21:20,25.82,45.82,37.77450756293055,-122.4197131555609,27.83,9.816154501330331,2.5671506260994152,0.49179130768188034,6.442466130632632,normal
2025-07-29 12:21:25,26.24,56.05,37.77454265246143,-122.4192409346379,27.87,9.545138519748622,3.8059088901648805,0.5769595923920164,5.648130746574477,normal
2025-07-29 12:21:30,24.96,46.67,37.77454265246143,-122.4192409346379,27.87,11.398432123577557,4.367253315810341,0.544668780883376,7.793715101003943,normal
2025-07-29 12:21:35,25.39,49.21,37.77519501518012,-122.41904412006352,25.29,9.867327543159313,3.952905181265638,0.8762107202805444,4.928685301578062,normal
2025-07-29 12:21:40,25.28,42.26,37.77519501518012,-122.41904412006352,25.29,6.285057568023831,4.186785243295378,0.8490683360529088,7.612336805991596,normal
2025-07-29 12:21:45,23.82,54.86,37.774150606218384,-122.41939953376108,22.71,10.91255031096573,4.001608720204458,0.8472793973902296,6.849692477696917,normal
2025-07-29 12:21:50,26.88,59.5,37.774150606218384,-122.41939953376108,22.71,12.043252510294124,3.793471578179013,0.44869018666633487,5.5780348206019355,normal
2025-07-29 12:21:55,26.45,56.26,37.77588185373995,-122.42024356684098,23.24,11.443501664156813,4.0978056357060195,0.7082627024677072,6.505898824096224,normal
2025-07-29 12:22:00,25.73,46.24,37.77588185373995,-122.42024356684098,23.24,9.350019253551766,3.8227686726850214,1.0640696305411916,6.689845177198787,normal
2025-07-29 12:22:05,25.63,56.7,37.7742046172232,-122.41862609608,30.69,11.587135587701272,4.476154221763442,0.6103846666041056,6.144538977147997,normal
2025-07-29 12:22:10,25.85,58.25,37.7742046172232,-122.41862609608,30.69,10.363542741349775,3.7778431667974552,0.6738855378611677,6.432543770492964,normal
2025-07-29 12:22:15,25.69,53.13,37.77413431699605,-122.4190543652575,23.11,11.277352811181414,3.7524108818650017,0.4627638084873729,5.3419039631911955,normal
2025-07-29 12:22:20,27.17,49.52,37.77413431699605,-122.4190543652575,23.11,11.320691823006213,4.791043223523571,0.48404354217042267,4.524325353348033,normal
2025-07-29 12:22:25,24.04,48.38,37.77428894077811,-122.4199958771784,23.27,6.349767141339393,4.129848550193967,1.1799567286268478,7.189736337989014,anomaly
2025-07-29 12:22:30,26.47,44.9,37.77428894077811,-122.4199958771784,23.27,7.557962224962589,3.0310068431285933,1.0168539086624957,7.039757829201894,anomaly
2025-07-29 12:22:35,25.06,43.96,37.77503369458011,-122.41960302312044,23.87,9.858355501639299,5.763799481536124,0.19638158369799402,7.079556092312684,anomaly
2025-07-29 12:22:40,27.13,50.63,37.77503369458011,-122.41960302312044,23.87,9.953011954479882,3.9256899740777222,0.38662098229553327,6.572556699024066,normal
2025-07-29 12:22:45,24.68,54.47,37.77540018192953,-122.41956535345916,22.94,9.87805770250859,3.6649319944559102,0.5786734728088279,6.263886539000822,normal
2025-07-29 12:22:50,25.02,50.57,37.77540018192953,-122.41956535345916,22.94,9.91596640153673,4.25685426328597,0.7011289374823949,5.779305670390598,normal
2025-07-29 12:22:55,26.91,53.0,37.77451521330098,-122.41925207991166,25.83,8.526043489518688,4.367973042109809,0.5997216991455115,5.337523122395052,normal
2025-07-29 12:23:00,25.3,57.78,37.77451521330098,-122.41925207991166,25.83,12.125239740577529,4.529073528731741,0.511182113852341,7.361022439473712,normal
2025-07-29 12:23:05,25.03,53.85,37.77414370906306,-122.41901818662862,29.98,6.02873805865738,4.6227068671248706,0.28322930476913866,7.1211939484812,anomaly
2025-07-29 12:23:10,25.62,58.3,37.77414370906306,-122.41901818662862,29.98,7.269025859850871,4.580201948260465,0.46006492783866265,6.696500616318311,normal
2025-07-29 12:23:15,24.74,56.47,37.77462348365449,-122.41889403166856,26.92,11.467196283262552,4.074275438131575,0.6739402980368018,8.00559384334625,normal
2025-07-29 12:23:20,26.81,49.24,37.77462348365449,-122.41889403166856,26.92,9.18573607182808,3.599147395204975,0.5932660541546662,5.95243607668515,normal
2025-07-29 12:23:25,27.56,50.32,37.77442001753384,-122.41992671959116,25.66,11.009779498903468,3.933475978961921,0.8005315434570743,5.613603909674299,normal
2025-07-29 12:23:30,25.38,53.95,37.77442001753384,-122.41992671959116,25.66,6.53517210181291,4.818048056514309,0.8282598336146192,5.424091837207934,normal
2025-07-29 12:23:35,25.93,53.85,37.7751345925333,-122.4190728557999,21.99,12.3559194497471,4.078359720576671,0.584061392082585,6.142714640868567,normal
2025-07-29 12:23:40,24.35,49.29,37.7751345925333,-122.4190728557999,21.99,9.841090145909954,3.864354828404112,0.8509589648040143,6.327130185366319,normal
2025-07-29 12:23:45,27.14,50.13,37.77500737096277,-122.41887756335876,24.74,12.996064804444607,3.682053394709363,0.9897992996530547,5.859611853946084,normal
2025-07-29 12:23:50,26.6,48.08,37.77500737096277,-122.41887756335876,24.74,10.426057022660586,3.5411111363624888,0.8581522809569262,4.764224732209143,normal
2025-07-29 12:23:55,24.34,54.94,37.77518058923796,-122.4197510852864,25.46,7.576923293059671,4.480976141056795,0.6619623844742992,4.969809901899354,normal
2025-07-29 12:24:00,24.68,53.19,37.77518058923796,-122.4197510852864,25.46,12.97472905448734,3.923768412424854,0.4955274541464378,3.8327531657448963,normal
2025-07-29 12:24:05,27.18,51.35,37.77490160497982,-122.41956952150778,27.22,6.128291735053528,3.5657321440586975,0.9435781439709646,5.065524772896757,normal
2025-07-29 12:24:10,26.76,48.65,37.77490160497982,-122.41956952150778,27.22,8.500466054588355,4.58097125357607,0.44427522933388613,6.683874005756464,normal
2025-07-29 12:24:15,26.48,53.68,37.77456635280623,-122.41897045152476,23.23,10.599447922937003,4.446548702519973,0.6223160712330437,6.373721052144883,normal
2025-07-29 12:24:20,27.17,53.35,37.77456635280623,-122.41897045152476,23.23,7.554779968120177,3.9572656975867595,0.7195028541066836,7.624731634491661,normal
2025-07-29 12:24:25,26.17,45.65,37.774947449918095,-122.42026616705192,22.74,8.96978626370808,3.3955646031104987,0.42199213275650704,8.223939703487277,normal
2025-07-29 12:24:30,27.08,46.67,37.774947449918095,-122.42026616705192,22.74,10.083352816056433,3.939269030179481,0.6467456616712581,4.928985876070347,normal
2025-07-29 12:24:35,26.41,53.07,37.77566564232959,-122.41854023802064,27.13,10.68377064716789,4.139209453358666,0.761694717809343,6.173736133823096,normal
2025-07-29 12:24:40,24.9,56.58,37.77566564232959,-122.41854023802064,27.13,12.257980539858815,4.4091986621307315,0.4592915273052845,5.756453808892899,normal
2025-07-29 12:24:45,26.64,52.83,37.77568294330399,-122.41990388774204,30.22,11.82425221393267,3.451241128432125,0.6102194458966945,5.762072144860591,normal
2025-07-29 12:24:50,25.11,59.63,37.77568294330399,-122.41990388774204,30.22,12.720706960946478,4.240235653648826,0.6278018807586854,7.698291914876995,normal
2025-07-29 12:24:55,26.5,61.3,37.77568294330399,-122.41990388774204,30.22,11.629988624288954,4.078715091733847,0.6677997001579347,5.578695956703976,normal
